INSERT INTO lighthouse.user (user_type, role, email, first_name, last_name, password) VALUES ('STU', 'ROLE_STU', 'folkoch@iss.edu.sg', 'Folk', 'Och', '$2y$10$CCQj0n5BPiNsrN7f9CXBH.PQPcNaLUOLXecIGcQsStXee2SoNBK1y');
INSERT INTO lighthouse.user (user_type, role, email, first_name, last_name, password) VALUES ('STU', 'ROLE_STU', 'bacalhau@iss.edu.sg', 'Furia', 'Bacalhau', '$2y$10$UG6G55.FFBj6UeoVa08Vm.dnpzv0/vbGBgnXbFKqbId7g/GI/IH7y');
INSERT INTO lighthouse.user (user_type, role, email, first_name, last_name, password) VALUES ('STU', 'ROLE_STU', 'fredweasley@iss.edu.sg', 'Fred', 'Weasley', '$2y$10$chsZMGMG2zCAxvLDcX.Ib.G27js73JprNOzA7/kfDKlXtclHPokZ.');
INSERT INTO lighthouse.user (user_type, role, email, first_name, last_name, password) VALUES ('STU', 'ROLE_STU', 'francefranken@iss.edu.sg', 'France', 'Frankenversand', '$2y$10$pbZKG1edyuqygVniGDFDEunFpt.sU1m9iIPvVd4IVpnaccIuyyFoG');
INSERT INTO lighthouse.user (user_type, role, email, first_name, last_name, password) VALUES ('STU', 'ROLE_STU', 'godoscocina@iss.edu.sg', 'Godos ', 'Cocina', 'p@$2y$10$jjcp8PMCQrOGrPnlbdGBGu8IjKLeeScWgbYChPOyOhKPIBBiA27/i');
INSERT INTO lighthouse.user (user_type, role, email, first_name, last_name, password) VALUES ('STU', 'ROLE_STU', 'hanaricarnes@iss.edu.sg', 'Hanari', 'Carnes', '$2y$10$BeqaXSXYJtHV7LxRM1BzK.7qq6rTd7iB.6jA.gu5D7aBf/XCt6SfG');
INSERT INTO lighthouse.user (user_type, role, email, first_name, last_name, password) VALUES ('STU', 'ROLE_STU', 'hillarionlanchone@iss.edu.sg', 'Hilarion', 'Lanchonetes', '$2y$10$rWK57p4.hlzdUZ/V5XwgkebAGS52n9zata/.RDfpyU9/lJmW.KJoG');
INSERT INTO lighthouse.user (user_type, role, email, first_name, last_name, password) VALUES ('STU', 'ROLE_STU', 'handelernst@iss.edu.sg', 'Ernst', 'Handel', '$2y$10$gQNZeEO6DIYu0cd.IRjkGuQZSzFDA7onHgNy/PNXNblmKY4xpchcq');
INSERT INTO lighthouse.user (user_type, role, email, first_name, last_name, password) VALUES ('STU', 'ROLE_STU', 'wartianwellington@iss.edu.sg', 'Wartian', 'Wellington', '$2y$10$9q4qgRclMYVLD07e7WtNWehifPUtMeoag.jX4pXbfCB71E8xAEepq');
INSERT INTO lighthouse.user (user_type, role, email, first_name, last_name, password) VALUES ('STU', 'ROLE_STU', 'crackerbox@iss.edu.sg', 'Cracker', 'Box', '$2y$10$u3XvpD7W6oZOjCmBUsPUfukvmFNoddl2gKnauc02LG8rU5xTOEtQ2');
INSERT INTO lighthouse.user (user_type, role, email, first_name, last_name, password) VALUES ('LEC', 'ROLE_LEC', 'ntt@iss.edu.sg', 'Tri Tin', 'Nguyen ', '$2y$10$daiK64zDP1hKJRa9Adgp..onrGSVVlr8EFzUpgHldaPdIL8sPr8Xe');
INSERT INTO lighthouse.user (user_type, role, email, first_name, last_name, password) VALUES ('LEC', 'ROLE_LEC', 'cwt@iss.edu.sg', 'Cher Wah', 'Tan', '$2y$10$xL0autE0oTfTJEJCTX5JO.rmLLEmKhL/hrmEDU59orEw4ky6.Kksq');
INSERT INTO lighthouse.user (user_type, role, email, first_name, last_name, password) VALUES ('LEC', 'ROLE_LEC', 'esthert@iss.edu.sg', 'Esther', 'Tan', '$2y$10$skG2vc6kwVGB9K1cNexV..ULCPIEspOxyh..E4Uj3Cs59EqpbyT02');
INSERT INTO lighthouse.user (user_type, role, email, first_name, last_name, password) VALUES ('LEC', 'ROLE_LEC', 'suriyap@iss.edu.sg', 'Suriya', 'Priya', '$2y$10$JMPRZ/Bnf8RbtF.J1DsB6eUk5oVkpQUoEkWJlmpWt2hU/cO610xra');
INSERT INTO lighthouse.user (user_type, role, email, first_name, last_name, password) VALUES ('LEC', 'ROLE_LEC', 'ykc@iss.edu.sg', 'Yuen Kwan', 'Chia', '$2y$10$dWRhUSPkppKs4AndRUDl9O1UX6fsI3tltuODTV1BXJBTFbH/3gzmC');
INSERT INTO lighthouse.user (user_type, role, email, first_name, last_name, password) VALUES ('ADM', 'ROLE_ADM', 'admin1@iss.edu.sg', 'Kim', 'Truong', '$2y$10$iiGl.aXXwJENAPmyPgeeVORjyGkwCnXlR1eij.A10h3K6FCjImJQ6');
INSERT INTO lighthouse.user (user_type, role, email, first_name, last_name, password) VALUES ('ADM', 'ROLE_ADM', 'admin2@iss.edu.sg', 'Zhengguang', 'Han', '$2y$10$hdG5HqEJIvpPF0DGrDmeiuL.RYDZ8/FeLSiw50R68OxyM/mVFVT4S');
INSERT INTO lighthouse.user (user_type, role, email, first_name, last_name, password) VALUES ('ADM', 'ROLE_ADM', 'admin3@iss.edu.sg', 'Shirley', 'Chow', '$2y$10$aDGH6uohJemufn38hRQWeujlxOviKsnC9m2UBJ.TifYjoznawWkCq');

INSERT INTO lighthouse.admin (id) VALUES (16);
INSERT INTO lighthouse.admin (id) VALUES (17);
INSERT INTO lighthouse.admin (id) VALUES (18);

INSERT INTO lighthouse.lecturer (designation, id) VALUES ('Associate Lecturer', 11);
INSERT INTO lighthouse.lecturer (designation, id) VALUES ('Senior Lecturer', 12);
INSERT INTO lighthouse.lecturer (designation, id) VALUES ('Chief Lecturer', 13);
INSERT INTO lighthouse.lecturer (designation, id) VALUES ('Staff Lecturer', 14);
INSERT INTO lighthouse.lecturer (designation, id) VALUES ('Lecturer', 15);

INSERT INTO lighthouse.student (address, dob, enrolment_date, phone, id) VALUES ('Mehrheimerstr 369', '2009-01-23', '2019-01-23', '39139238', 1);
INSERT INTO lighthouse.student (address, dob, enrolment_date, phone, id) VALUES ('265 boulevard Charonne', '2010-02-11', '2019-01-25', '13874213', 2);
INSERT INTO lighthouse.student (address, dob, enrolment_date, phone, id) VALUES ('Taucherstrabe 10', '2010-01-14', '2019-01-23', '54872433', 3);
INSERT INTO lighthouse.student (address, dob, enrolment_date, phone, id) VALUES ('Strada Provinciale 124', '2012-12-19', '2019-01-24', '24789237', 4);
INSERT INTO lighthouse.student (address, dob, enrolment_date, phone, id) VALUES ('Erling Skakkes gate 78', '2010-01-09', '2019-01-23', '24342649', 5);
INSERT INTO lighthouse.student (address, dob, enrolment_date, phone, id) VALUES ('89 Jefferson Way Suite 2', '2009-05-03', '2019-01-23', '99866768', 6);
INSERT INTO lighthouse.student (address, dob, enrolment_date, phone, id) VALUES ('2 rue du Commerce', '2009-04-03', '2019-01-22', '23143545', 7);
INSERT INTO lighthouse.student (address, dob, enrolment_date, phone, id) VALUES ('ul. Filtrowa 68', '2009-10-03', '2019-01-22', '11109724', 8);
INSERT INTO lighthouse.student (address, dob, enrolment_date, phone, id) VALUES ('187 Suffolk Ln', '2009-06-13', '2019-01-23', '31343435', 9);
INSERT INTO lighthouse.student (address, dob, enrolment_date, phone, id) VALUES ('Ing Gustavo Moncada 8585 Piso 20-A', '2009-05-08', '2019-01-21', '54586892', 10);


INSERT INTO lighthouse.course (course_des, course_name, credits, duration, enroll_by, exam_date, max_cap, start_date, lecturer_id) VALUES ('Fundamentals of Programming using C# - Object Oriented Programming using C# - User Interface Development with Visual Studio Net and C# - SQL Programming & DBMS - Enterprise System Development using .Net Framework', 'Software Analysis and Design', 6, 12, '2021-02-01', '2021-04-24', 50, '2021-02-03', 11);
INSERT INTO lighthouse.course (course_des, course_name, credits, duration, enroll_by, exam_date, max_cap, start_date, lecturer_id) VALUES ('Application Development Life Cycle I - Application Development Life Cycle II', 'Enterprise Solutions Design and Development', 8, 16, '2021-02-01', '2021-04-25', 80, '2021-03-04', 13);
INSERT INTO lighthouse.course (course_des, course_name, credits, duration, enroll_by, exam_date, max_cap, start_date, lecturer_id) VALUES ('Planning, scheduling, resource allocation, execution, tracking and delivery of software projects.', 'Digital Product Management', 4, 8, '2021-07-01', '2021-07-29', 30, '2021-07-05', 14);
INSERT INTO lighthouse.course (course_des, course_name, credits, duration, enroll_by, exam_date, max_cap, start_date, lecturer_id) VALUES ('Java Programming - Java Object Persistence - Web-based J2EE Applications - Wireless Technology - J2EE Project', 'Web Application Development', 6, 17, '2021-07-01', '2021-07-30', 60, '2021-07-04', 12);

INSERT INTO lighthouse.enrolment (enrolment_status, grade, registered_date, course_id, student_id) VALUES ('COMPLETED', 'A-', '2021-01-25', 1, 10);
INSERT INTO lighthouse.enrolment (enrolment_status, grade, registered_date, course_id, student_id) VALUES ('COMPLETED', 'B+', '2021-01-23', 1, 9);
INSERT INTO lighthouse.enrolment (enrolment_status, grade, registered_date, course_id, student_id) VALUES ('ENROLLED', '', '2021-06-16', 3, 7);
INSERT INTO lighthouse.enrolment (enrolment_status, grade, registered_date, course_id, student_id) VALUES ('COMPLETED', 'C+', '2021-01-31', 2, 4);
INSERT INTO lighthouse.enrolment (enrolment_status, grade, registered_date, course_id, student_id) VALUES ('COMPLETED', 'C-', '2021-01-26', 1, 6);
INSERT INTO lighthouse.enrolment (enrolment_status, grade, registered_date, course_id, student_id) VALUES ('ENROLLED', '', '2021-06-27', 4, 8);
INSERT INTO lighthouse.enrolment (enrolment_status, grade, registered_date, course_id, student_id) VALUES ('ENROLLED', '', '2021-05-22', 3, 3);
INSERT INTO lighthouse.enrolment (enrolment_status, grade, registered_date, course_id, student_id) VALUES ('COMPLETED', 'B', '2021-01-01', 2, 9);
INSERT INTO lighthouse.enrolment (enrolment_status, grade, registered_date, course_id, student_id) VALUES ('COMPLETED', 'B', '2021-01-05', 2, 10);
INSERT INTO lighthouse.enrolment (enrolment_status, grade, registered_date, course_id, student_id) VALUES ('ENROLLED', '', '2021-06-09', 4, 5);
INSERT INTO lighthouse.enrolment (enrolment_status, grade, registered_date, course_id, student_id) VALUES ('COMPLETED', 'A+', '2021-01-07', 1, 4);
INSERT INTO lighthouse.enrolment (enrolment_status, grade, registered_date, course_id, student_id) VALUES ('ENROLLED', '', '2021-05-26', 3, 1);
INSERT INTO lighthouse.enrolment (enrolment_status, grade, registered_date, course_id, student_id) VALUES ('ENROLLED', '', '2021-05-30', 3, 2);
